run_id,label,success,fault_turn
r_e8cbd1c0ed74,clean,1,-1
r_611b6210f9db,clean,1,-1
r_226dbc180225,clean,1,-1
r_cf71c98873ae,clean,1,-1
r_7f863cc08319,clean,1,-1
r_c168b679f0fe,clean,1,-1
r_ed9a0265d7cf,clean,1,-1
r_d73c99e49533,clean,1,-1
r_c2cad52b6c07,clean,1,-1
r_6b3a79d9474e,clean,1,-1
r_abcea0120bcc,clean,1,-1
r_e470fe40acca,clean,1,-1
r_e158b3f04a20,clean,1,-1
r_833c83949d7f,clean,1,-1
r_5fba3cb3b495,clean,1,-1
r_905a93728e9e,clean,1,-1
r_0542bee27004,clean,1,-1
r_4b4d93c9bd83,clean,1,-1
r_adfd58c2960e,clean,1,-1
r_165bcb6e59c3,clean,1,-1
r_acd0ae9aefd1,clean,1,-1
r_1973d5b3d400,clean,1,-1
r_96fdc9df6fb7,clean,1,-1
r_d979af732601,clean,1,-1
r_3c65deacc84a,clean,1,-1
r_c905ae706ed0,clean,1,-1
r_e729a7733fd7,clean,1,-1
r_b4c4ef251034,clean,1,-1
r_4acf19922ce0,clean,1,-1
r_accca8906b14,clean,1,-1
r_5fb64c81e678,clean,1,-1
r_44c0fcbe1042,clean,1,-1
r_88599e3f150c,clean,1,-1
r_933045d90bbb,clean,1,-1
r_0f8e81af6eb9,clean,1,-1
r_72fca5a7cb45,clean,1,-1
r_799d26eec235,clean,1,-1
r_6eeacf5371e0,clean,1,-1
r_75d475dc282d,clean,1,-1
r_0cc480f0dd58,clean,1,-1
r_b4bdbc7eaf87,clean,1,-1
r_15278e7db1f9,clean,1,-1
r_ec829f09deb0,clean,1,-1
r_78bd407e4004,clean,1,-1
r_14a512c94596,clean,1,-1
r_03c5118fe7ef,clean,1,-1
r_51412a9f23bf,clean,1,-1
r_d0b8a9a9dbac,clean,1,-1
r_28ab4d7d95db,clean,1,-1
r_599ab678e4bf,clean,1,-1
r_756a9118e33d,clean,1,-1
r_c52ead993f49,clean,1,-1
r_f797ade0fc16,clean,1,-1
r_6c8f7f27e8d9,clean,1,-1
r_ade75032bbe4,clean,1,-1
r_d3a00f0761b7,clean,1,-1
r_375a663e2334,clean,1,-1
r_2754fa318dba,clean,1,-1
r_4011befe6e33,clean,1,-1
r_3dd33cee4ac6,clean,1,-1
r_b671670e115a,clean,1,-1
r_e9310b32f468,clean,1,-1
r_5cd9ef341a70,clean,1,-1
r_2915847da748,clean,1,-1
r_e438d66dc171,clean,1,-1
r_ef5a6e2a7671,clean,1,-1
r_642600745ee4,clean,1,-1
r_385f29005a6a,clean,1,-1
r_d89d7309985f,clean,1,-1
r_3e879ca74c70,clean,1,-1
r_31db021e4c0d,clean,1,-1
r_3eed30a1a7d3,clean,1,-1
r_9aabeaa2cd3f,clean,1,-1
r_23e96e846344,clean,1,-1
r_3ed564cc93cf,clean,1,-1
r_bd1b0839e0b6,clean,1,-1
r_4ea18e809f2b,clean,1,-1
r_066d156631d2,clean,1,-1
r_24e0494552b9,clean,1,-1
r_d27c45e5982b,clean,1,-1
r_89fc4e4effb4,clean,1,-1
r_7dff53d38ba4,clean,1,-1
r_6ff682acfa76,clean,1,-1
r_256eba333e93,clean,1,-1
r_841968638ea5,clean,1,-1
r_29003b9c4c3d,clean,1,-1
r_a2e0b551f020,clean,1,-1
r_d418c95faacb,clean,1,-1
r_87ecd5f77509,clean,1,-1
r_9ca6359a25e7,clean,1,-1
r_2f05a40dbcfc,clean,1,-1
r_457d011144af,clean,1,-1
r_38b403b6667e,clean,1,-1
r_9caeea0710f7,clean,1,-1
r_6ac39dc88017,clean,1,-1
r_9d08fee12a0a,clean,1,-1
r_802838dae1a3,clean,1,-1
r_3d429f6d6450,clean,1,-1
r_b34e9f5a5d76,clean,1,-1
r_4fb3433a1036,clean,1,-1
r_2d72398948a1,clean,1,-1
r_09f3710ff7a0,clean,1,-1
r_5de62a726803,clean,1,-1
r_d2f9a49ce81b,clean,1,-1
r_cb2540844e72,clean,1,-1
r_7112b19fcf3f,clean,1,-1
r_f4925d67fb02,clean,1,-1
r_d3acb963750d,clean,1,-1
r_ad7c9a836242,clean,1,-1
r_ed5b851a6eca,clean,1,-1
r_cc2c41fa5fcc,clean,1,-1
r_bb1c2b8d4d18,clean,1,-1
r_695b810ef79b,clean,1,-1
r_45ac1b563f50,clean,1,-1
r_39c9ecc9ac02,clean,1,-1
r_576d22edc306,clean,1,-1
r_2be864c4b983,clean,1,-1
r_82663886e8ca,clean,1,-1
r_27513f3a4975,clean,1,-1
r_725ae416d3ce,clean,1,-1
r_7bbb5a5b3e45,clean,1,-1
r_ff337841ab42,clean,1,-1
r_ffc040f69a46,clean,1,-1
r_61c71e338598,clean,1,-1
r_309f3d14c950,clean,1,-1
r_bd40d69f0d19,clean,1,-1
r_9cb436f64328,clean,1,-1
r_d8dfcead6681,clean,1,-1
r_717579359319,clean,1,-1
r_15e5f251aae6,clean,1,-1
r_e659957f67b0,clean,1,-1
r_6b0f3b68c573,clean,1,-1
r_c12ea90d49e5,clean,1,-1
r_2a02cd047545,clean,1,-1
r_70f3263cce8c,clean,1,-1
r_3a35d7261480,clean,1,-1
r_d86c8a6d1e61,clean,1,-1
r_1db2a3622541,clean,1,-1
r_58aa6fb1c56e,clean,1,-1
r_2c8072bb1be6,clean,1,-1
r_ddc8b83d41fb,clean,1,-1
r_4d2059f9cb75,clean,1,-1
r_2f6cfaea70dd,clean,1,-1
r_23319de79cd0,clean,1,-1
r_a3ffc0a3f948,clean,1,-1
r_7b11f182f008,clean,1,-1
r_d6ec55500674,clean,1,-1
r_5f6301bda7ce,clean,1,-1
r_078ba514792d,clean,1,-1
r_5e8f4e955759,clean,1,-1
r_03a5020a6308,clean,1,-1
r_3e6a44290643,clean,1,-1
r_84c0133df709,clean,1,-1
r_a1aee166d4a1,clean,1,-1
r_77c9efcdec5a,clean,1,-1
r_d4a29a21bc90,clean,1,-1
r_945d15f076dd,clean,1,-1
r_00506b071509,clean,1,-1
r_544ad313c2ea,clean,1,-1
r_a0a4fdc3b348,clean,1,-1
r_e14145301a3d,clean,1,-1
r_8bb37f7aa3ec,clean,1,-1
r_bbda3e0eb5da,clean,1,-1
r_95e14de84e3d,clean,1,-1
r_fa3db1357787,clean,1,-1
r_e42fe0cbe25d,clean,1,-1
r_46273538789c,clean,1,-1
r_e4ec947f28ae,clean,1,-1
r_1a1f1f1d4845,clean,1,-1
r_c51f01aa583e,clean,1,-1
r_3576ea4bfc94,clean,1,-1
r_4920ed778c85,clean,1,-1
r_69b87bab5dcb,clean,1,-1
r_5356c7f7688a,clean,1,-1
r_7a70ef2a95a5,clean,1,-1
r_d564cf80c0da,clean,1,-1
r_842f847ad716,clean,1,-1
r_15cfb101655a,clean,1,-1
r_2d393964691c,clean,1,-1
r_d8df5b1de301,clean,1,-1
r_70b55de97d13,clean,1,-1
r_a48f57f557b5,clean,1,-1
r_296a7ac3c388,clean,1,-1
r_396964c500e2,clean,1,-1
r_f278c97686d8,clean,1,-1
r_3bd3460c9c0f,clean,1,-1
r_ad760796def2,clean,1,-1
r_b7b1fe49e9ae,clean,1,-1
r_f32745a1388f,clean,1,-1
r_7ff9743424ba,clean,1,-1
r_c3e5f8c9e188,clean,1,-1
r_9cbfc4ebbf65,clean,1,-1
r_752f810bfb68,clean,1,-1
r_d3d017c509dc,clean,1,-1
r_a294c1978f8d,clean,1,-1
r_73d62144bdcd,clean,1,-1
r_94d1a5e9e45a,clean,1,-1
r_9bdbdcaf2b76,clean,1,-1
r_eb7a1981bfaf,clean,1,-1
r_6b181a14da91,clean,1,-1
r_c885af802de5,clean,1,-1
r_2669f2e42d51,clean,1,-1
r_c46aa0e343d3,clean,1,-1
r_c36257af4a28,clean,1,-1
r_cfececc20cf2,clean,1,-1
r_a88089d301a3,clean,1,-1
r_cb73f350dd36,clean,1,-1
r_9d160d290899,clean,1,-1
r_bcbc2a150def,clean,1,-1
r_5c24e95008d9,clean,1,-1
r_21decee4f907,clean,1,-1
r_1377b1529231,clean,1,-1
r_14691ba7465d,clean,1,-1
r_07a60048ebb1,clean,1,-1
r_582929ad7524,clean,1,-1
r_2e70bea2640c,clean,1,-1
r_406652bdb458,clean,1,-1
r_cf423e8753bd,clean,1,-1
r_bebc8df9a3fa,clean,1,-1
r_589e3fb1072d,clean,1,-1
r_d29630eabbe6,clean,1,-1
r_7c11797795a5,clean,1,-1
r_0a6548c867b2,clean,1,-1
r_13847d99fa89,clean,1,-1
r_d8d0d3554caa,clean,1,-1
r_3e4e89975dce,clean,1,-1
r_e8644fcc1383,clean,1,-1
r_5dadf87db3ee,clean,1,-1
r_2200dcb3dd64,clean,1,-1
r_ad2119fda1c6,clean,1,-1
r_2ae45004faea,clean,1,-1
r_43a90de50a06,clean,1,-1
r_926a343d98fe,clean,1,-1
r_1519ceafeb92,clean,1,-1
r_8cae2d808c79,clean,1,-1
r_ae99c5f233de,clean,1,-1
r_4a320629e46c,clean,1,-1
r_7801d6b88848,clean,1,-1
r_dd79d7c77f5e,clean,1,-1
r_b3e3f8a64d3d,clean,1,-1
r_28fda687055d,clean,1,-1
r_4f9b3d6b38fa,clean,1,-1
r_a8788561e5f9,clean,1,-1
r_e9bd3f600aa3,clean,1,-1
r_5de7cfa6be00,clean,1,-1
r_ef0c8c142b95,clean,1,-1
r_58911f1ae17c,clean,1,-1
r_2e91300b3556,clean,1,-1
r_15b607f18604,clean,1,-1
r_9856a0bd1c6b,clean,1,-1
r_d36b16fe3fee,clean,1,-1
r_688c94d5d519,clean,1,-1
r_3abf2aad6c90,clean,1,-1
r_52fc9975df8c,clean,1,-1
r_772865128a12,clean,1,-1
r_070c5e6313df,clean,1,-1
r_5ba4db913b5b,clean,1,-1
r_dd87b6daa643,clean,1,-1
r_33ad190d202c,clean,1,-1
r_2eea96bd89df,clean,1,-1
r_987ddfd3d109,clean,1,-1
r_21ac24b456f8,clean,1,-1
r_b119a2973d77,clean,1,-1
r_c29c0c713f9e,clean,1,-1
r_3b9fc6041547,clean,1,-1
r_91b39a13a053,clean,1,-1
r_892c65ae43f6,clean,1,-1
r_32ced0fd7a43,clean,1,-1
r_f0be831e0d75,clean,1,-1
r_54504c2f7a8c,clean,1,-1
r_4ce41e205900,clean,1,-1
r_0b67e51fbf0e,clean,1,-1
r_4c3fbaea87b6,clean,1,-1
r_416a9d6a01a6,clean,1,-1
r_063bd9b5662c,clean,1,-1
r_bf4ee9bd5426,clean,1,-1
r_aae2f608fca8,clean,1,-1
r_c244e298d990,clean,1,-1
r_ea01103dc003,clean,1,-1
r_49397f33432b,clean,1,-1
r_d9c1cc29a2d5,clean,1,-1
r_0d3e2b2b47be,clean,1,-1
r_80a82692d8a8,clean,1,-1
r_9048990b6f77,clean,1,-1
r_0f2fbb1ab675,clean,1,-1
r_83bd5c2df66a,clean,1,-1
r_6858d8a2c2f0,clean,1,-1
r_36030d5815e9,clean,1,-1
r_b7640c474ec4,clean,1,-1
r_993d7cb475a5,clean,1,-1
r_92d13e8cb366,clean,1,-1
r_d88541f3139d,clean,1,-1
r_4a4b12d24c40,clean,1,-1
r_2114b2c5f5a9,clean,1,-1
r_2cb8cee601f8,clean,1,-1
r_6efb5bbce306,clean,1,-1
r_a81b4b5f317a,clean,1,-1
r_814fee4fb6a7,clean,1,-1
r_15dc41705726,clean,1,-1
r_992e72db9e9c,clean,1,-1
r_358819e572dc,clean,1,-1
r_94e51011522a,clean,1,-1
r_bebc4c54bbfb,clean,1,-1
r_2793e0a41cb6,clean,1,-1
r_77d7fc363430,clean,1,-1
r_7dedafd47093,clean,1,-1
r_3ef38ff192f8,clean,1,-1
r_3fcfffe3129d,clean,1,-1
r_2101214b6d4d,clean,1,-1
r_187650b7580c,clean,1,-1
r_1e33f69ec53a,clean,1,-1
r_e41e3e15f078,clean,1,-1
r_3ede27728ede,clean,1,-1
r_c095d663e855,clean,1,-1
r_c88cf1014114,clean,1,-1
r_ec5f0e82879e,clean,1,-1
r_b628532e8c7a,clean,1,-1
r_ea5b7c6b3488,clean,1,-1
r_811e6ebe7224,clean,1,-1
r_14313787dd7b,clean,1,-1
r_14c69266b91a,clean,1,-1
r_1b1d5a64b826,clean,1,-1
r_be914d6eb0a1,clean,1,-1
r_f712edede7b2,clean,1,-1
r_b3f5d25aa89b,clean,1,-1
r_2ab046b77850,clean,1,-1
r_2f932d667391,clean,1,-1
r_8ea9a2425bc9,clean,1,-1
r_c3ad07f28fad,clean,1,-1
r_b3d0aef398ca,clean,1,-1
r_dad5f0fff37c,clean,1,-1
r_348a0a28450f,clean,1,-1
r_04e2c5188d5d,clean,1,-1
r_188c67fb8587,clean,1,-1
r_19b56af31e07,clean,1,-1
r_2c148dcc4c1b,clean,1,-1
r_98059f80df45,clean,1,-1
r_da2f5e4d04b5,clean,1,-1
r_1a461dd49184,clean,1,-1
r_a359bd2c6913,clean,1,-1
r_9b43dffd3ad5,clean,1,-1
r_cdb69e3d51f4,clean,1,-1
r_ce5afe71c0af,clean,1,-1
r_50297cbf3bec,clean,1,-1
r_a0bf15b7c180,clean,1,-1
r_a18c2050ba4f,clean,1,-1
r_ad805b8a8699,clean,1,-1
r_ea4c31208c2b,clean,1,-1
r_fb3428ab8f74,clean,1,-1
r_a0c0f84eb9dc,clean,1,-1
r_871c598ba03b,clean,1,-1
r_cf3e625d6f0d,clean,1,-1
r_6d058d228fa2,clean,1,-1
r_47aeedea4401,clean,1,-1
r_9d5fd7e01fcb,clean,1,-1
r_0bba75d2e03c,clean,1,-1
r_bf6118e78706,clean,1,-1
r_449e532527d4,clean,1,-1
r_9e1b3556ae55,clean,1,-1
r_cc5078b58590,clean,1,-1
r_23da8f881a65,clean,1,-1
r_b8ee43579098,clean,1,-1
r_811a4a3bd771,clean,1,-1
r_f4007814f9bf,clean,1,-1
r_493d9ef1027c,clean,1,-1
r_1d41367afeb2,clean,1,-1
r_a032b8dddbf4,clean,1,-1
r_1f228000f1cf,clean,1,-1
r_9cd4c636ef51,clean,1,-1
r_973232f33c34,clean,1,-1
r_365647fa15ca,clean,1,-1
r_8e1d88b378cb,clean,1,-1
r_4b85afdd22dd,clean,1,-1
r_e4af4aab89da,clean,1,-1
r_890948e16bb5,clean,1,-1
r_d3ca30f7731c,clean,1,-1
r_d4e20fa381ce,clean,1,-1
r_7a1fc5163696,clean,1,-1
r_bc2d94b2372a,clean,1,-1
r_1d80857aaf78,clean,1,-1
r_a224e0790cf8,clean,1,-1
r_6d3be0877f36,clean,1,-1
r_7119dccb2952,clean,1,-1
r_77765376331e,clean,1,-1
r_ae2075271fbb,clean,1,-1
r_690f2c00b3bc,clean,1,-1
r_0fd386cbeb4a,clean,1,-1
r_f5ab54814ec9,clean,1,-1
r_bfea08f51cf2,clean,1,-1
r_c94c17a8385f,clean,1,-1
r_5ea740226ca7,clean,1,-1
r_d67a74c71e0b,clean,1,-1
r_1429e5dcd959,clean,1,-1
r_35ab3affd4bb,clean,1,-1
r_98eb5ca2e88f,clean,1,-1
r_847ae31431a7,clean,1,-1
r_e5a5fc9b10e6,clean,1,-1
r_fe1b699f4fd1,clean,1,-1
r_ae36caa57c7c,clean,1,-1
r_8fd161f39ead,clean,1,-1
